UDI,Product ID,Type,Air temperature [K],Process temperature [K],Rotational speed [rpm],Torque [Nm],Tool wear [min],Machine failure,TWF,HDF,PWF,OSF,RNF
10001,M13278,M,304.0,309.8,1294,44.9,34,0,0,0,0,0,0
10002,L13905,L,300.8,307.8,1539,20.1,64,0,0,0,0,0,0
10003,M64987,M,301.2,311.3,1548,52.4,181,0,0,0,0,0,0
10004,L30379,L,297.3,310.6,1853,42.6,176,0,0,0,0,0,0
10005,L44671,L,304.8,311.5,1465,56.6,163,0,0,0,0,0,0
10006,L92397,L,304.0,310.9,1489,56.1,26,0,0,0,0,0,0
10007,L47930,L,302.2,313.4,1402,37.1,192,0,0,0,0,0,0
10008,L58520,L,299.7,310.3,1536,31.2,18,0,0,0,0,0,0
10009,L42087,L,297.3,308.4,1361,40.8,66,0,0,0,0,0,0
10010,M17331,M,296.7,309.1,1504,32.7,143,0,0,0,0,0,0
10011,H51245,H,297.7,312.7,1868,47.3,152,0,0,0,0,0,0
10012,M80644,M,301.4,312.3,1464,57.2,14,0,0,0,0,0,0
10013,L74686,L,296.5,309.4,1533,26.7,8,0,0,0,0,0,0
10014,L18326,L,297.6,311.9,1749,65.6,147,0,0,0,0,0,0
10015,L25014,L,299.8,313.5,1407,60.8,30,0,0,0,0,0,0
10016,L69470,L,298.3,309.0,1426,41.3,88,0,0,0,0,0,0
10017,L23947,L,301.8,307.7,1702,38.9,201,0,0,0,0,0,0
10018,M80697,M,301.3,312.6,1495,57.1,112,1,0,0,0,1,0
10019,M50306,M,303.3,309.9,1522,35.6,161,0,0,0,0,0,0
10020,M79822,M,300.2,306.3,2016,44.3,43,0,0,0,0,0,0
10021,M65461,M,300.2,312.3,1509,46.2,203,0,0,0,0,0,0
10022,L98039,L,298.5,308.0,1921,45.0,95,0,0,0,0,0,0
10023,L87110,L,297.3,310.8,1393,41.8,95,0,0,0,0,0,0
10024,L14117,L,300.8,306.1,1593,44.3,86,0,0,0,0,0,0
10025,L84847,L,300.3,307.1,1650,41.0,160,0,0,0,0,0,0
10026,M56438,M,297.7,308.1,1618,26.6,119,0,0,0,0,0,0
10027,M24322,M,298.9,307.4,1567,17.5,192,0,0,0,0,0,0
10028,L19880,L,303.9,313.1,1600,40.8,155,0,0,0,0,0,0
10029,H40982,H,298.5,308.5,1351,38.2,0,0,0,0,0,0,0
10030,L61173,L,295.7,309.1,1378,48.4,96,0,0,0,0,0,0
10031,L34890,L,299.1,311.2,1603,27.8,185,0,0,0,0,0,0
10032,L86569,L,300.2,313.4,1557,30.0,36,0,0,0,0,0,0
10033,L87992,L,295.6,312.0,1569,43.7,96,0,0,0,0,0,0
10034,L91183,L,300.4,313.1,1864,52.8,122,0,0,0,0,0,0
10035,M41285,M,301.7,311.5,1528,21.0,163,0,0,0,0,0,0
10036,H11220,H,302.7,310.1,1512,29.3,28,0,0,0,0,0,0
10037,L55745,L,299.1,312.9,1947,28.8,119,0,0,0,0,0,0
10038,M90173,M,301.7,310.9,1449,33.8,182,0,0,0,0,0,0
10039,M27601,M,297.2,311.2,1499,10.2,200,0,0,0,0,0,0
10040,L54942,L,298.1,309.2,1646,33.9,191,0,0,0,0,0,0
10041,M22097,M,301.5,311.3,1253,42.0,102,0,0,0,0,0,0
10042,L67912,L,299.9,311.6,1381,31.1,3,0,0,0,0,0,0
10043,M86350,M,299.7,312.4,1229,41.9,3,0,0,0,0,0,0
10044,L42706,L,301.6,307.6,1342,38.3,143,0,0,0,0,0,0
10045,M41029,M,300.4,311.2,1423,21.7,111,0,0,0,0,0,0
10046,H63964,H,299.5,309.9,1340,23.9,95,0,0,0,0,0,0
10047,L71694,L,301.9,311.1,1401,30.9,49,0,0,0,0,0,0
10048,M62227,M,296.7,310.3,1720,17.2,171,0,0,0,0,0,0
10049,H80282,H,301.8,309.1,1510,24.2,168,0,0,0,0,0,0
10050,L55309,L,301.6,310.0,1709,46.8,61,0,0,0,0,0,0
10051,L43386,L,300.1,312.8,1594,52.7,43,0,0,0,0,0,0
10052,H97900,H,299.3,310.3,1693,44.9,136,0,0,0,0,0,0
10053,M49363,M,298.6,308.3,1396,36.0,80,0,0,0,0,0,0
10054,L97153,L,303.4,311.6,1234,42.0,188,0,0,0,0,0,0
10055,M49829,M,297.9,309.3,1453,26.8,150,0,0,0,0,0,0
10056,L38010,L,302.7,309.8,1973,42.9,143,0,0,0,0,0,0
10057,M91167,M,298.6,312.7,1655,50.3,17,0,0,0,0,0,0
10058,L13201,L,296.2,313.4,1571,34.1,167,0,0,0,0,0,0
10059,M85454,M,296.1,313.0,1670,50.3,156,0,0,0,0,0,0
10060,L23970,L,302.2,309.8,1624,34.0,33,0,0,0,0,0,0
10061,H25906,H,302.6,308.9,1604,52.3,119,0,0,0,0,0,0
10062,H68008,H,302.1,310.7,1727,38.0,51,0,0,0,0,0,0
10063,L72216,L,303.5,311.5,1363,31.3,13,0,0,0,0,0,0
10064,L67654,L,296.8,307.4,1354,39.8,228,0,0,0,0,0,0
10065,L60205,L,301.0,311.2,1311,40.5,176,0,0,0,0,0,0
10066,L37110,L,304.0,309.9,1422,20.4,167,0,0,0,0,0,0
10067,M59857,M,295.4,311.4,1325,52.9,229,0,0,0,0,0,0
10068,M89069,M,299.7,310.8,1398,22.9,61,0,0,0,0,0,0
10069,M62994,M,299.6,312.2,1788,39.1,191,1,0,1,0,0,0
10070,L13552,L,295.1,308.8,1379,22.6,104,0,0,0,0,0,0
10071,L52840,L,296.4,312.2,1292,43.8,129,0,0,0,0,0,0
10072,L12540,L,304.4,308.4,1367,43.0,88,0,0,0,0,0,0
10073,M14067,M,304.4,309.2,1437,47.1,98,0,0,0,0,0,0
10074,M83920,M,301.8,313.0,1300,47.2,118,0,0,0,0,0,0
10075,H25012,H,301.8,307.5,1360,37.8,166,0,0,0,0,0,0
10076,L59192,L,298.0,311.1,1548,41.2,94,0,0,0,0,0,0
10077,M49529,M,302.5,309.3,1525,46.4,80,0,0,0,0,0,0
10078,L66148,L,298.1,308.9,1684,11.2,8,0,0,0,0,0,0
10079,L57472,L,299.0,311.5,1683,38.6,189,0,0,0,0,0,0
10080,H45400,H,303.8,312.5,1760,19.5,136,0,0,0,0,0,0
10081,L52245,L,303.8,310.9,1443,47.9,139,0,0,0,0,0,0
10082,L89997,L,298.5,309.0,1520,35.9,8,0,0,0,0,0,0
10083,L43862,L,298.4,314.0,1529,23.0,56,1,0,0,0,1,0
10084,L63271,L,300.9,311.1,1518,40.7,162,0,0,0,0,0,0
10085,L48566,L,297.3,313.2,1724,35.5,19,0,0,0,0,0,0
10086,L65771,L,304.0,311.1,1696,52.6,61,0,0,0,0,0,0
10087,L35242,L,297.3,309.2,1459,46.2,5,0,0,0,0,0,0
10088,L87278,L,300.0,311.1,1421,54.3,146,0,0,0,0,0,0
10089,L49618,L,298.3,308.5,1510,41.4,36,0,0,0,0,0,0
10090,M26551,M,299.6,308.7,1371,38.0,20,0,0,0,0,0,0
10091,L54657,L,298.0,308.5,1460,43.4,21,0,0,0,0,0,0
10092,L92502,L,302.2,308.6,1438,47.5,151,0,0,0,0,0,0
10093,L64548,L,299.2,310.4,1346,45.7,203,0,0,0,0,0,0
10094,L87139,L,301.2,311.2,1714,62.1,197,0,0,0,0,0,0
10095,L37659,L,299.0,307.8,1510,27.1,93,0,0,0,0,0,0
10096,L87832,L,297.8,306.0,1450,35.4,165,0,0,0,0,0,0
10097,L44675,L,300.4,311.0,1551,56.4,13,0,0,0,0,0,0
10098,L94886,L,300.1,307.5,1447,24.4,196,0,0,0,0,0,0
10099,L84607,L,304.0,309.7,1510,44.7,73,0,0,0,0,0,0
10100,L74722,L,302.8,312.8,1445,43.6,214,0,0,0,0,0,0
10101,L98381,L,304.1,311.1,1339,46.4,218,0,0,0,0,0,0
10102,M32962,M,302.4,312.6,1745,58.2,67,0,0,0,0,0,0
10103,M21959,M,297.6,311.6,1698,30.6,212,0,0,0,0,0,0
10104,M47777,M,300.5,308.6,1681,30.5,216,0,0,0,0,0,0
10105,L25194,L,302.1,309.6,1713,60.6,95,0,0,0,0,0,0
10106,L64165,L,295.0,309.3,1645,49.5,46,0,0,0,0,0,0
10107,L45003,L,301.6,310.2,1526,50.9,144,0,0,0,0,0,0
10108,H89806,H,301.1,310.9,1421,42.5,219,0,0,0,0,0,0
10109,L24871,L,297.5,309.0,1545,46.8,192,0,0,0,0,0,0
10110,L73242,L,302.0,309.7,1549,32.8,39,0,0,0,0,0,0
10111,L27892,L,303.1,307.7,1394,31.2,157,0,0,0,0,0,0
10112,L49132,L,297.0,310.0,1469,47.9,133,0,0,0,0,0,0
10113,L53573,L,296.7,310.3,1691,47.0,35,0,0,0,0,0,0
10114,L60196,L,299.6,311.1,1403,39.7,182,0,0,0,0,0,0
10115,M60604,M,298.9,311.8,1450,55.9,138,0,0,0,0,0,0
10116,L87356,L,296.8,308.2,1486,43.3,114,1,0,1,0,0,0
10117,M30232,M,298.9,310.3,1718,43.5,220,0,0,0,0,0,0
10118,M98389,M,299.0,309.2,1557,25.3,114,0,0,0,0,0,0
10119,L18968,L,301.6,308.4,1519,48.1,64,0,0,0,0,0,0
10120,L93066,L,299.0,307.4,1200,58.6,101,0,0,0,0,0,0
10121,M48452,M,298.3,308.3,1315,48.9,72,0,0,0,0,0,0
10122,L32946,L,297.1,307.9,1453,60.0,50,0,0,0,0,0,0
10123,L70443,L,298.4,310.3,1421,33.8,210,0,0,0,0,0,0
10124,M30706,M,298.8,314.0,1493,52.5,57,0,0,0,0,0,0
10125,L49599,L,299.9,311.8,1574,37.4,54,0,0,0,0,0,0
10126,L48696,L,299.4,311.4,1635,45.3,62,0,0,0,0,0,0
10127,M16428,M,302.6,310.8,1430,46.3,0,0,0,0,0,0,0
10128,L93442,L,296.7,305.6,1717,35.6,97,0,0,0,0,0,0
10129,H94717,H,295.0,310.1,1643,25.9,64,0,0,0,0,0,0
10130,L64460,L,300.0,308.0,1386,60.7,15,0,0,0,0,0,0
10131,H31567,H,298.1,311.5,1359,18.7,129,0,0,0,0,0,0
10132,L25095,L,299.0,308.4,1500,43.6,134,0,0,0,0,0,0
10133,M57942,M,301.7,312.0,1349,31.7,172,0,0,0,0,0,0
10134,M44362,M,300.3,312.2,1416,49.6,188,0,0,0,0,0,0
10135,M83584,M,301.9,312.4,1648,59.7,191,0,0,0,0,0,0
10136,L63516,L,297.5,308.6,1450,45.7,124,0,0,0,0,0,0
10137,L80457,L,296.7,310.8,1832,36.1,220,0,0,0,0,0,0
10138,M30253,M,303.9,307.9,1576,38.4,181,1,0,1,0,0,0
10139,L40947,L,298.3,309.1,1475,34.5,158,0,0,0,0,0,0
10140,L26011,L,302.0,312.6,1421,37.4,172,0,0,0,0,0,0
10141,L53713,L,296.7,309.1,1972,20.3,50,0,0,0,0,0,0
10142,L40539,L,300.4,311.5,1526,17.6,140,0,0,0,0,0,0
10143,L32871,L,298.3,311.5,1366,36.8,181,0,0,0,0,0,0
10144,L44782,L,299.3,309.5,1673,31.5,170,0,0,0,0,0,0
10145,M77271,M,303.8,312.6,1508,52.6,0,0,0,0,0,0,0
10146,H96363,H,298.9,308.7,1410,41.2,123,0,0,0,0,0,0
10147,L24150,L,297.4,307.6,1439,43.2,35,0,0,0,0,0,0
10148,L46046,L,302.5,309.7,1508,28.7,210,0,0,0,0,0,0
10149,L89354,L,300.4,310.6,1373,43.5,100,0,0,0,0,0,0
10150,L69186,L,300.0,310.6,1352,37.6,117,0,0,0,0,0,0
10151,L43408,L,297.7,307.8,1500,31.3,18,0,0,0,0,0,0
10152,L58843,L,305.0,308.2,1435,48.3,55,0,0,0,0,0,0
10153,L56346,L,304.0,311.3,1421,32.8,86,0,0,0,0,0,0
10154,M56090,M,296.9,308.7,1558,31.9,71,0,0,0,0,0,0
10155,L82910,L,298.3,311.2,1660,23.9,58,0,0,0,0,0,0
10156,H91490,H,301.2,311.8,1333,40.2,48,1,0,1,0,0,0
10157,M54541,M,301.1,307.1,2575,29.9,24,0,0,0,0,0,0
10158,M14018,M,295.3,312.4,1661,46.6,24,0,0,0,0,0,0
10159,L52517,L,302.3,308.1,1725,33.5,57,0,0,0,0,0,0
10160,M98338,M,297.6,311.6,1834,30.2,129,0,0,0,0,0,0
10161,L77154,L,299.5,307.7,1261,42.0,142,0,0,0,0,0,0
10162,M15952,M,298.4,310.9,1396,31.4,71,0,0,0,0,0,0
10163,M43491,M,297.2,308.0,1295,53.5,55,0,0,0,0,0,0
10164,L40161,L,298.9,309.5,1765,37.2,191,0,0,0,0,0,0
10165,L20205,L,301.9,308.9,1597,29.6,70,0,0,0,0,0,0
10166,L12733,L,304.4,310.0,1744,31.2,185,0,0,0,0,0,0
10167,M41891,M,299.2,311.3,1403,32.5,60,0,0,0,0,0,0
10168,L32037,L,299.8,312.2,1464,18.8,89,0,0,0,0,0,0
10169,H94599,H,298.9,307.8,1478,48.3,66,0,0,0,0,0,0
10170,M95918,M,295.6,313.4,1696,40.1,195,0,0,0,0,0,0
10171,L83989,L,302.6,311.3,2003,40.5,228,0,0,0,0,0,0
10172,L71462,L,299.3,308.5,1664,51.6,9,0,0,0,0,0,0
10173,L69233,L,298.0,312.1,1550,41.3,157,0,0,0,0,0,0
10174,L70648,L,300.0,313.1,2886,54.9,13,0,0,0,0,0,0
10175,L34672,L,296.2,309.5,1363,42.5,86,0,0,0,0,0,0
10176,M55015,M,300.6,308.7,1752,30.4,40,0,0,0,0,0,0
10177,H78690,H,298.7,307.8,1478,47.0,175,0,0,0,0,0,0
10178,L88366,L,295.6,312.3,1435,30.2,83,0,0,0,0,0,0
10179,L43029,L,303.5,308.3,1376,34.6,16,0,0,0,0,0,0
10180,M55851,M,297.2,312.0,1564,42.1,116,0,0,0,0,0,0
10181,L83259,L,299.2,310.6,1501,29.3,189,0,0,0,0,0,0
10182,M76648,M,300.2,310.6,1540,37.2,68,0,0,0,0,0,0
10183,L39693,L,301.6,311.4,1885,34.6,2,0,0,0,0,0,0
10184,L79013,L,298.9,307.9,1422,28.8,72,0,0,0,0,0,0
10185,L91885,L,301.7,306.5,1810,29.1,28,0,0,0,0,0,0
10186,L68222,L,298.4,310.0,1480,32.8,161,0,0,0,0,0,0
10187,H71474,H,300.7,310.0,1628,37.7,81,0,0,0,0,0,0
10188,L60052,L,297.5,310.3,1374,43.6,98,0,0,0,0,0,0
10189,L94040,L,297.5,310.0,1521,51.0,201,0,0,0,0,0,0
10190,L31012,L,296.7,311.1,1455,51.4,22,0,0,0,0,0,0
10191,L69130,L,298.5,308.4,1600,27.5,45,0,0,0,0,0,0
10192,L20696,L,299.7,308.7,2568,54.1,127,0,0,0,0,0,0
10193,L47601,L,302.2,308.7,1698,26.5,94,0,0,0,0,0,0
10194,L20384,L,296.1,307.9,1580,28.5,123,0,0,0,0,0,0
10195,L47762,L,301.3,306.7,1348,46.2,123,0,0,0,0,0,0
10196,L75513,L,304.2,308.7,1931,35.1,135,0,0,0,0,0,0
10197,L56244,L,299.0,311.0,1568,25.0,161,0,0,0,0,0,0
10198,L78951,L,303.5,312.0,1956,46.3,56,0,0,0,0,0,0
10199,L60709,L,302.1,310.0,1309,48.1,0,0,0,0,0,0,0
10200,M92346,M,298.4,309.6,1715,38.1,93,0,0,0,0,0,0
10201,L94252,L,296.7,313.2,1723,45.0,114,0,0,0,0,0,0
10202,M18270,M,302.0,311.9,1316,60.6,147,0,0,0,0,0,0
10203,M51365,M,299.8,309.8,1387,47.7,204,0,0,0,0,0,0
10204,L56789,L,300.9,310.5,1469,45.9,79,0,0,0,0,0,0
10205,L62431,L,299.8,313.4,1398,41.4,122,0,0,0,0,0,0
10206,L78062,L,301.5,309.2,1687,33.0,203,0,0,0,0,0,0
10207,L48504,L,298.2,308.4,1734,44.5,160,0,0,0,0,0,0
10208,L68183,L,296.0,307.3,1443,53.2,205,0,0,0,0,0,0
10209,H17518,H,296.0,309.2,1540,43.3,152,0,0,0,0,0,0
10210,L89635,L,299.3,310.3,1391,38.2,38,0,0,0,0,0,0
10211,H14244,H,300.4,310.8,1571,53.8,176,0,0,0,0,0,0
10212,L62171,L,300.3,308.0,1570,41.1,98,0,0,0,0,0,0
10213,L83619,L,299.2,312.6,1688,41.7,234,0,0,0,0,0,0
10214,H74382,H,299.3,310.5,1338,37.1,112,0,0,0,0,0,0
10215,M51889,M,300.4,309.6,1473,33.1,197,0,0,0,0,0,0
10216,M93584,M,296.2,310.5,1334,54.9,182,0,0,0,0,0,0
10217,L74752,L,302.3,311.6,1499,42.7,35,0,0,0,0,0,0
10218,M18617,M,300.0,310.9,1659,45.1,149,0,0,0,0,0,0
10219,M19666,M,297.6,308.3,1469,42.0,226,0,0,0,0,0,0
10220,M82260,M,302.0,309.2,1530,31.1,51,0,0,0,0,0,0
10221,L49862,L,302.7,307.5,1586,26.4,96,0,0,0,0,0,0
10222,M42847,M,297.1,311.7,1304,45.3,127,0,0,0,0,0,0
10223,L94015,L,300.2,310.7,1463,28.5,87,0,0,0,0,0,0
10224,M83874,M,296.4,311.9,1464,41.5,182,0,0,0,0,0,0
10225,L84991,L,300.0,311.1,1388,42.6,93,0,0,0,0,0,0
10226,H73300,H,297.8,310.7,1547,36.7,66,0,0,0,0,0,0
10227,L64476,L,296.1,306.1,1516,45.3,146,0,0,0,0,0,0
10228,M62260,M,296.0,306.0,1575,57.5,56,0,0,0,0,0,0
10229,L42495,L,298.5,308.4,1360,31.9,91,0,0,0,0,0,0
10230,M30932,M,304.3,313.7,1671,48.8,93,0,0,0,0,0,0
10231,L75373,L,300.6,311.4,1402,35.6,46,0,0,0,0,0,0
10232,L86460,L,298.3,308.8,1296,56.8,200,0,0,0,0,0,0
10233,L24089,L,301.9,313.0,1590,31.1,105,0,0,0,0,0,0
10234,L84747,L,302.8,308.5,1586,32.2,95,0,0,0,0,0,0
10235,L91689,L,298.8,309.0,1735,50.9,164,0,0,0,0,0,0
10236,L28909,L,301.4,311.4,1513,41.4,180,0,0,0,0,0,0
10237,L72094,L,297.7,307.8,1574,38.9,217,0,0,0,0,0,0
10238,L90805,L,301.9,310.4,1418,28.6,176,0,0,0,0,0,0
10239,M49294,M,299.1,306.4,1468,59.9,12,0,0,0,0,0,0
10240,M92478,M,295.0,308.8,1793,21.9,79,0,0,0,0,0,0
10241,M86483,M,302.9,309.3,1714,35.4,101,0,0,0,0,0,0
10242,M14138,M,300.5,310.6,2037,40.6,104,0,0,0,0,0,0
10243,L36724,L,298.4,311.9,1346,49.5,164,0,0,0,0,0,0
10244,L83516,L,298.6,309.8,1776,43.2,147,0,0,0,0,0,0
10245,L81601,L,296.9,312.1,1517,42.3,15,0,0,0,0,0,0
10246,L42311,L,298.4,310.8,1450,31.4,214,0,0,0,0,0,0
10247,L72888,L,297.4,309.3,1631,33.7,112,0,0,0,0,0,0
10248,L61712,L,300.3,312.8,1462,44.6,127,0,0,0,0,0,0
10249,L67983,L,299.8,311.4,1687,34.0,156,0,0,0,0,0,0
10250,L45601,L,297.7,308.5,1557,56.4,92,0,0,0,0,0,0
10251,L93616,L,299.2,307.9,1431,44.7,53,0,0,0,0,0,0
10252,L82135,L,299.3,309.9,1585,52.6,58,0,0,0,0,0,0
10253,L47649,L,299.8,310.1,1600,42.9,160,0,0,0,0,0,0
10254,M14888,M,302.4,306.6,1423,70.2,35,0,0,0,0,0,0
10255,L74930,L,301.3,309.8,1699,36.6,122,0,0,0,0,0,0
10256,M53914,M,297.3,312.0,1382,29.3,187,0,0,0,0,0,0
10257,L35272,L,299.8,308.9,1696,40.5,40,0,0,0,0,0,0
10258,L54185,L,297.8,308.4,1527,52.4,72,0,0,0,0,0,0
10259,M66059,M,300.7,306.6,1572,41.5,146,0,0,0,0,0,0
10260,H10895,H,295.6,309.7,2118,36.4,125,0,0,0,0,0,0
10261,M11498,M,298.0,310.3,1357,14.4,130,0,0,0,0,0,0
10262,L99925,L,299.2,312.1,1396,61.7,0,0,0,0,0,0,0
10263,H58174,H,298.1,310.1,1563,34.2,61,0,0,0,0,0,0
10264,M64505,M,301.2,311.4,1769,35.9,82,0,0,0,0,0,0
10265,M88094,M,305.0,308.9,1647,33.0,111,0,0,0,0,0,0
10266,L18094,L,305.0,313.8,1416,41.4,94,0,0,0,0,0,0
10267,M67912,M,298.2,312.1,1388,39.4,230,0,0,0,0,0,0
10268,L27294,L,300.7,312.2,1718,36.5,157,0,0,0,0,0,0
10269,L10395,L,297.9,307.5,1355,26.9,190,0,0,0,0,0,0
10270,L19046,L,302.6,309.1,1536,44.4,10,0,0,0,0,0,0
10271,H94656,H,300.9,309.7,1545,46.2,13,0,0,0,0,0,0
10272,M96742,M,302.6,308.2,1458,47.0,63,0,0,0,0,0,0
10273,L39188,L,303.3,310.4,1406,49.4,124,0,0,0,0,0,0
10274,L40102,L,299.2,310.1,1509,37.1,139,1,0,0,1,0,0
10275,M12050,M,301.5,309.3,1436,41.4,20,0,0,0,0,0,0
10276,M42077,M,303.6,313.1,1520,36.3,144,0,0,0,0,0,0
10277,H40692,H,303.5,311.2,1590,47.4,174,0,0,0,0,0,0
10278,M96535,M,301.0,310.4,1370,42.0,179,0,0,0,0,0,0
10279,H92050,H,301.2,310.3,1347,42.9,179,0,0,0,0,0,0
10280,L64568,L,297.8,311.2,1432,30.9,193,0,0,0,0,0,0
10281,L28920,L,303.4,312.3,1418,36.8,30,0,0,0,0,0,0
10282,L41831,L,301.8,307.2,1486,47.8,198,0,0,0,0,0,0
10283,M34966,M,300.7,308.9,1621,45.2,112,0,0,0,0,0,0
10284,M98008,M,299.1,309.7,1332,37.2,195,0,0,0,0,0,0
10285,L25376,L,304.6,309.2,1482,46.2,71,0,0,0,0,0,0
10286,L52154,L,299.6,311.5,1569,46.8,127,0,0,0,0,0,0
10287,L75179,L,296.2,309.1,1796,30.0,150,0,0,0,0,0,0
10288,L64254,L,299.6,313.5,1812,29.5,17,0,0,0,0,0,0
10289,L64732,L,299.9,308.3,1391,43.1,177,0,0,0,0,0,0
10290,M99764,M,300.3,312.2,1649,73.0,82,0,0,0,0,0,0
10291,M56160,M,301.2,313.1,1460,42.5,71,0,0,0,0,0,0
10292,H78674,H,296.4,313.3,1537,25.5,165,0,0,0,0,0,0
10293,M40334,M,296.6,309.6,1582,47.3,99,0,0,0,0,0,0
10294,M90808,M,302.7,309.3,1315,34.2,141,0,0,0,0,0,0
10295,L46010,L,300.8,307.9,1536,30.3,152,0,0,0,0,0,0
10296,H24026,H,299.0,310.2,1572,34.8,181,0,0,0,0,0,0
10297,L62022,L,300.0,314.0,1442,31.0,93,0,0,0,0,0,0
10298,M20566,M,302.0,312.4,1577,26.9,117,0,0,0,0,0,0
10299,L17355,L,299.4,311.3,1235,23.9,197,0,0,0,0,0,0
10300,L22499,L,299.8,312.3,1279,36.1,111,0,0,0,0,0,0
10301,L19744,L,304.2,310.4,1437,33.9,0,0,0,0,0,0,0
10302,M12052,M,302.3,310.3,1645,33.6,87,0,0,0,0,0,0
10303,L83919,L,297.4,312.6,1369,47.3,215,0,0,0,0,0,0
10304,M28343,M,303.4,310.9,1567,56.2,69,0,0,0,0,0,0
10305,L19963,L,300.9,312.3,1516,30.0,239,1,0,1,0,0,0
10306,H74304,H,300.0,310.5,1426,32.6,160,0,0,0,0,0,0
10307,L91083,L,296.6,310.6,1238,48.6,152,0,0,0,0,0,0
10308,M30221,M,304.1,310.2,2636,29.6,133,0,0,0,0,0,0
10309,M23399,M,299.3,308.1,1655,46.5,119,0,0,0,0,0,0
10310,L56388,L,298.4,313.8,1620,40.0,98,1,0,1,0,0,0
10311,M83339,M,303.8,311.0,1472,36.6,168,0,0,0,0,0,0
10312,L45180,L,300.8,307.7,1442,31.5,0,0,0,0,0,0,0
10313,L42990,L,300.6,309.2,1405,49.2,56,0,0,0,0,0,0
10314,L10887,L,303.8,308.6,1554,45.6,182,0,0,0,0,0,0
10315,L95332,L,302.5,308.4,1417,50.1,63,0,0,0,0,0,0
10316,L62198,L,302.5,310.4,1564,48.7,216,0,0,0,0,0,0
10317,L46739,L,298.8,308.6,1607,39.2,186,0,0,0,0,0,0
10318,L99353,L,303.7,309.8,1541,34.2,34,0,0,0,0,0,0
10319,L19064,L,298.4,312.2,1514,43.8,131,0,0,0,0,0,0
10320,L96332,L,297.5,310.1,1589,50.1,84,0,0,0,0,0,0
10321,L76402,L,301.3,313.4,1348,26.4,31,0,0,0,0,0,0
10322,M87833,M,300.4,308.0,1406,43.4,172,0,0,0,0,0,0
10323,M83822,M,304.1,310.8,1443,40.5,7,0,0,0,0,0,0
10324,L11382,L,300.8,307.4,1680,29.0,71,0,0,0,0,0,0
10325,L59036,L,302.8,310.8,1721,50.5,186,0,0,0,0,0,0
10326,L23703,L,298.1,312.3,1577,16.4,58,0,0,0,0,0,0
10327,L37114,L,300.7,310.6,1354,38.7,130,0,0,0,0,0,0
10328,L25084,L,298.9,309.8,1347,48.5,121,0,0,0,0,0,0
10329,M77632,M,301.3,309.1,2173,42.0,21,0,0,0,0,0,0
10330,L34176,L,299.6,310.6,1375,52.7,175,0,0,0,0,0,0
10331,L66302,L,301.8,310.9,1331,36.3,153,0,0,0,0,0,0
10332,M80371,M,300.9,309.5,1441,33.7,82,0,0,0,0,0,0
10333,M88246,M,303.4,310.1,1464,42.1,133,0,0,0,0,0,0
10334,M48986,M,299.0,312.0,1604,40.6,133,0,0,0,0,0,0
10335,L58929,L,300.5,306.3,1423,37.4,187,0,0,0,0,0,0
10336,L93296,L,299.4,310.1,1324,28.6,46,0,0,0,0,0,0
10337,L69113,L,302.6,310.4,1559,29.3,166,0,0,0,0,0,0
10338,H76248,H,301.2,308.6,1632,39.0,154,0,0,0,0,0,0
10339,L14044,L,300.0,309.3,1260,17.9,190,0,0,0,0,0,0
10340,M84140,M,300.4,308.7,1432,33.9,81,0,0,0,0,0,0
10341,M58085,M,301.8,312.0,1433,43.5,45,0,0,0,0,0,0
10342,L95678,L,301.6,309.1,1256,45.9,46,0,0,0,0,0,0
10343,L25386,L,299.9,308.7,1597,31.2,107,0,0,0,0,0,0
10344,M66120,M,297.6,309.2,1512,48.2,0,0,0,0,0,0,0
10345,L88231,L,297.0,309.1,1681,51.8,199,0,0,0,0,0,0
10346,M99037,M,300.3,310.4,1625,44.9,85,0,0,0,0,0,0
10347,M26631,M,305.0,310.9,1419,48.4,121,0,0,0,0,0,0
10348,M74154,M,295.5,311.8,1672,36.2,62,0,0,0,0,0,0
10349,M22202,M,297.8,312.4,1528,46.8,105,0,0,0,0,0,0
10350,L86278,L,295.4,311.2,1554,30.8,96,0,0,0,0,0,0
10351,M18300,M,301.2,308.1,1551,34.7,113,0,0,0,0,0,0
10352,M54270,M,299.0,305.6,1322,33.7,193,0,0,0,0,0,0
10353,M70238,M,296.1,312.6,1358,36.0,15,0,0,0,0,0,0
10354,L27290,L,302.1,309.4,1752,45.8,184,0,0,0,0,0,0
10355,L95054,L,299.4,311.8,1346,49.9,130,0,0,0,0,0,0
10356,L22475,L,296.9,307.7,1405,40.3,99,0,0,0,0,0,0
10357,L55032,L,299.1,312.0,1478,39.6,73,0,0,0,0,0,0
10358,L23425,L,299.0,308.0,1489,36.9,29,0,0,0,0,0,0
10359,M18966,M,301.0,307.7,1659,46.9,186,0,0,0,0,0,0
10360,M29840,M,302.6,307.9,1722,41.3,77,0,0,0,0,0,0
10361,L26142,L,299.2,309.9,1653,38.3,114,0,0,0,0,0,0
10362,M42527,M,299.6,313.5,1580,29.4,137,0,0,0,0,0,0
10363,M49537,M,302.9,310.5,1397,55.8,36,0,0,0,0,0,0
10364,M41370,M,298.0,306.5,1374,19.8,181,0,0,0,0,0,0
10365,H57329,H,305.0,307.7,1488,35.7,217,0,0,0,0,0,0
10366,M19567,M,296.8,309.3,1487,44.6,52,0,0,0,0,0,0
10367,L47550,L,298.6,310.7,1398,46.2,107,0,0,0,0,0,0
10368,L90746,L,301.0,307.4,1320,35.7,193,0,0,0,0,0,0
10369,L52827,L,297.5,310.9,1625,36.8,16,0,0,0,0,0,0
10370,L41278,L,298.5,308.5,1581,37.8,203,0,0,0,0,0,0
10371,L96252,L,303.3,309.1,1569,54.6,195,0,0,0,0,0,0
10372,H78551,H,299.7,311.5,1386,20.0,47,0,0,0,0,0,0
10373,M25473,M,302.1,308.7,1553,48.6,185,0,0,0,0,0,0
10374,H92251,H,295.5,310.4,1452,34.5,16,0,0,0,0,0,0
10375,L23487,L,302.7,308.8,1318,45.3,136,1,0,0,0,1,0
10376,L16026,L,303.6,306.5,1359,30.6,154,0,0,0,0,0,0
10377,H95944,H,300.4,311.3,1465,63.5,80,0,0,0,0,0,0
10378,L58864,L,297.5,308.4,1517,36.6,187,0,0,0,0,0,0
10379,H19034,H,301.8,310.9,1523,54.1,179,0,0,0,0,0,0
10380,L58354,L,296.5,310.7,1226,67.3,197,0,0,0,0,0,0
10381,L74665,L,303.2,310.1,1702,31.6,163,0,0,0,0,0,0
10382,H13133,H,297.2,307.5,1932,38.1,130,1,0,0,1,0,0
10383,M50306,M,297.2,309.4,1356,45.5,49,0,0,0,0,0,0
10384,L46677,L,296.7,309.2,1665,24.0,147,0,0,0,0,0,0
10385,M86122,M,295.8,306.8,1831,38.4,196,0,0,0,0,0,0
10386,M27132,M,298.2,310.1,1445,45.1,7,0,0,0,0,0,0
10387,M51688,M,295.3,308.4,1347,20.7,21,0,0,0,0,0,0
10388,L68925,L,298.6,311.7,1962,35.9,3,0,0,0,0,0,0
10389,L25717,L,298.1,312.4,1421,50.6,27,0,0,0,0,0,0
10390,M52964,M,297.3,309.4,1447,50.5,139,0,0,0,0,0,0
10391,L32789,L,298.2,309.7,1335,53.9,183,0,0,0,0,0,0
10392,L28322,L,301.3,309.0,1525,30.5,134,0,0,0,0,0,0
10393,L99952,L,300.1,309.0,1572,16.3,0,1,1,0,0,0,0
10394,H68121,H,300.6,307.8,1458,33.8,67,0,0,0,0,0,0
10395,H66774,H,299.7,310.2,1249,51.2,48,0,0,0,0,0,0
10396,L34530,L,296.5,309.3,1398,48.0,230,0,0,0,0,0,0
10397,M75390,M,302.1,310.6,1332,47.1,103,0,0,0,0,0,0
10398,L78919,L,303.0,312.4,1567,28.6,217,0,0,0,0,0,0
10399,L81371,L,298.4,309.0,1656,41.1,59,0,0,0,0,0,0
10400,L88265,L,299.2,312.0,1674,27.0,155,0,0,0,0,0,0
10401,M40508,M,305.0,306.7,1539,33.7,200,0,0,0,0,0,0
10402,H17328,H,303.3,310.1,2176,65.9,210,0,0,0,0,0,0
10403,M32768,M,297.7,310.3,2307,37.1,114,1,0,0,0,1,0
10404,H83873,H,299.0,314.0,1386,45.2,1,0,0,0,0,0,0
10405,L40490,L,301.1,308.7,1424,58.4,71,0,0,0,0,0,0
10406,L33260,L,299.1,312.0,1494,25.1,115,0,0,0,0,0,0
10407,H24538,H,302.0,314.0,1337,46.2,188,0,0,0,0,0,0
10408,L52284,L,299.1,307.4,1482,36.6,78,0,0,0,0,0,0
10409,L83659,L,300.7,313.7,1649,28.8,33,0,0,0,0,0,0
10410,L48602,L,297.0,310.0,1571,28.5,215,0,0,0,0,0,0
10411,M84381,M,297.9,311.2,1258,45.0,63,0,0,0,0,0,0
10412,L53406,L,299.4,310.2,1379,32.9,0,0,0,0,0,0,0
10413,M54007,M,303.5,308.0,1458,50.0,20,0,0,0,0,0,0
10414,L10167,L,298.9,311.0,1445,33.5,157,0,0,0,0,0,0
10415,L81568,L,296.1,309.7,1938,34.4,209,0,0,0,0,0,0
10416,L14379,L,302.2,312.3,1851,42.0,81,0,0,0,0,0,0
10417,L19830,L,296.8,309.4,1672,45.7,105,0,0,0,0,0,0
10418,M66534,M,300.6,308.7,1466,39.6,23,0,0,0,0,0,0
10419,H63645,H,303.4,311.8,1584,35.8,84,0,0,0,0,0,0
10420,L61498,L,304.3,311.8,1550,23.5,126,0,0,0,0,0,0
10421,L96772,L,298.6,310.1,1281,61.8,55,0,0,0,0,0,0
10422,H72071,H,303.7,307.0,1380,39.4,13,0,0,0,0,0,0
10423,L34232,L,301.8,310.6,1588,44.8,17,0,0,0,0,0,0
10424,L45200,L,303.9,306.9,1664,51.2,5,0,0,0,0,0,0
10425,M64262,M,304.9,309.1,2124,58.0,100,0,0,0,0,0,0
10426,L80190,L,299.0,310.5,1575,47.7,52,0,0,0,0,0,0
10427,L14551,L,299.2,313.9,1395,32.4,113,0,0,0,0,0,0
10428,H68856,H,296.4,310.2,1752,38.7,137,0,0,0,0,0,0
10429,L99538,L,297.3,313.7,1650,27.5,172,0,0,0,0,0,0
10430,H18783,H,302.4,307.7,1648,44.6,163,0,0,0,0,0,0
10431,H11620,H,301.6,310.4,2074,26.1,24,0,0,0,0,0,0
10432,L87061,L,298.5,310.1,1358,64.1,168,0,0,0,0,0,0
10433,M80206,M,303.9,313.0,1260,45.8,83,0,0,0,0,0,0
10434,L32570,L,300.6,309.4,1491,27.8,28,0,0,0,0,0,0
10435,M53449,M,300.1,308.4,1494,53.2,23,1,0,0,0,1,0
10436,L46745,L,301.9,309.7,1842,28.9,101,0,0,0,0,0,0
10437,H68079,H,301.4,311.7,1525,17.7,117,0,0,0,0,0,0
10438,L63368,L,304.1,312.8,1369,38.7,32,0,0,0,0,0,0
10439,L76426,L,297.7,312.1,1676,40.8,135,0,0,0,0,0,0
10440,M36309,M,300.6,306.3,1456,30.8,8,0,0,0,0,0,0
10441,L70846,L,302.0,310.6,1240,52.3,133,0,0,0,0,0,0
10442,L33276,L,303.5,310.3,1760,37.3,87,0,0,0,0,0,0
10443,L21847,L,298.0,310.0,1401,37.0,187,0,0,0,0,0,0
10444,M98826,M,299.4,308.5,1622,24.3,58,0,0,0,0,0,0
10445,L32701,L,300.9,309.7,1411,23.5,24,0,0,0,0,0,0
10446,M46094,M,303.3,307.7,1434,36.2,7,0,0,0,0,0,0
10447,M91737,M,296.9,309.9,1423,39.2,148,0,0,0,0,0,0
10448,L47051,L,297.1,309.6,1402,35.1,189,0,0,0,0,0,0
10449,M44229,M,301.4,311.1,1545,39.6,121,0,0,0,0,0,0
10450,L17441,L,299.1,309.5,1545,31.8,26,0,0,0,0,0,0
10451,M95904,M,298.5,310.6,1399,31.7,11,0,0,0,0,0,0
10452,H34892,H,301.8,309.5,1441,44.4,125,0,0,0,0,0,0
10453,M76494,M,298.5,308.3,1497,61.6,71,0,0,0,0,0,0
10454,L43902,L,303.9,311.7,1297,46.6,15,0,0,0,0,0,0
10455,L39272,L,302.0,307.3,1304,36.9,82,0,0,0,0,0,0
10456,M71674,M,298.8,309.0,1511,60.2,34,0,0,0,0,0,0
10457,L25704,L,299.1,307.8,1928,27.3,162,0,0,0,0,0,0
10458,L63633,L,301.2,312.1,1510,52.6,115,0,0,0,0,0,0
10459,L92710,L,304.4,308.3,1479,32.3,153,0,0,0,0,0,0
10460,M85534,M,304.8,311.5,1707,33.5,24,0,0,0,0,0,0
10461,M62873,M,300.2,308.5,1313,36.7,73,0,0,0,0,0,0
10462,H52233,H,298.7,310.8,1372,32.3,152,0,0,0,0,0,0
10463,L55134,L,300.3,308.5,1730,34.3,69,0,0,0,0,0,0
10464,L48119,L,297.3,311.5,1389,35.4,180,0,0,0,0,0,0
10465,H57087,H,304.7,307.1,1867,14.2,69,0,0,0,0,0,0
10466,L12872,L,304.0,308.4,1569,40.9,200,0,0,0,0,0,0
10467,M80088,M,297.8,311.5,1346,35.0,113,0,0,0,0,0,0
10468,L68237,L,297.8,310.7,1402,57.5,56,0,0,0,0,0,0
10469,M49467,M,300.5,309.1,1912,50.7,155,0,0,0,0,0,0
10470,L23751,L,301.0,311.1,2204,44.4,121,0,0,0,0,0,0
10471,M44471,M,302.0,313.7,1435,48.2,151,0,0,0,0,0,0
10472,L37222,L,298.2,308.2,1409,32.3,140,0,0,0,0,0,0
10473,M97690,M,300.4,309.7,1463,43.2,147,0,0,0,0,0,0
10474,M69867,M,302.9,310.3,1525,49.9,121,0,0,0,0,0,0
10475,M57214,M,300.0,310.3,2068,31.9,62,1,0,1,0,0,0
10476,M53078,M,300.4,307.6,1723,36.2,100,0,0,0,0,0,0
10477,L24920,L,299.5,313.2,1386,34.9,94,0,0,0,0,0,0
10478,M31860,M,299.3,310.0,1569,28.0,86,0,0,0,0,0,0
10479,H73265,H,299.7,309.4,1583,35.3,52,0,0,0,0,0,0
10480,M27125,M,298.4,308.5,2138,38.4,122,0,0,0,0,0,0
10481,L98857,L,298.1,312.9,1502,27.0,40,0,0,0,0,0,0
10482,M91033,M,302.1,309.3,1399,60.2,143,0,0,0,0,0,0
10483,M90335,M,295.7,309.2,1325,33.8,135,0,0,0,0,0,0
10484,M19812,M,299.6,307.7,1340,32.5,61,0,0,0,0,0,0
10485,L59628,L,299.8,310.3,1520,55.2,18,0,0,0,0,0,0
10486,M68598,M,296.7,313.5,1770,49.3,196,0,0,0,0,0,0
10487,L81971,L,298.3,307.6,2086,57.7,97,0,0,0,0,0,0
10488,L37112,L,298.2,310.8,1461,52.9,166,0,0,0,0,0,0
10489,M53512,M,302.5,311.7,1646,38.1,184,0,0,0,0,0,0
10490,L96364,L,299.3,307.9,1528,60.2,123,0,0,0,0,0,0
10491,L23935,L,299.1,310.3,1364,33.4,14,0,0,0,0,0,0
10492,M34581,M,296.5,311.0,1518,52.5,39,0,0,0,0,0,0
10493,L64325,L,295.8,308.8,1690,43.8,132,0,0,0,0,0,0
10494,L76086,L,301.6,311.6,2232,37.2,193,0,0,0,0,0,0
10495,M73298,M,303.5,311.2,1858,22.1,214,0,0,0,0,0,0
10496,L60778,L,300.9,310.4,1372,37.9,208,0,0,0,0,0,0
10497,M42537,M,302.6,312.8,1415,49.7,199,0,0,0,0,0,0
10498,M77147,M,297.0,309.3,1437,44.6,201,0,0,0,0,0,0
10499,L91810,L,301.1,310.6,1620,34.0,47,0,0,0,0,0,0
10500,M52255,M,303.0,309.5,1407,31.2,220,0,0,0,0,0,0
10501,M98374,M,305.0,309.3,1482,56.2,220,0,0,0,0,0,0
10502,L13312,L,298.5,306.7,1378,42.5,167,0,0,0,0,0,0
10503,M29192,M,301.5,309.7,1579,25.9,129,1,0,0,0,1,0
10504,L98542,L,299.4,313.1,1656,45.2,182,0,0,0,0,0,0
10505,M47701,M,304.6,308.3,1480,23.5,127,0,0,0,0,0,0
10506,L42943,L,299.7,311.7,1534,54.6,83,0,0,0,0,0,0
10507,M87120,M,300.8,310.7,1640,26.0,120,0,0,0,0,0,0
10508,L99477,L,298.8,309.5,1346,38.8,79,0,0,0,0,0,0
10509,L44634,L,301.1,312.5,1349,38.0,135,0,0,0,0,0,0
10510,L30146,L,299.7,311.0,1472,40.7,165,0,0,0,0,0,0
10511,L85061,L,302.7,311.2,1459,47.1,50,0,0,0,0,0,0
10512,L76209,L,296.3,312.6,1772,43.4,134,0,0,0,0,0,0
10513,M53393,M,301.5,309.0,1325,18.7,211,0,0,0,0,0,0
10514,M95105,M,298.2,309.6,1538,37.2,62,0,0,0,0,0,0
10515,L15226,L,300.5,308.0,1630,39.0,220,0,0,0,0,0,0
10516,L77746,L,303.0,312.2,1676,12.5,175,0,0,0,0,0,0
10517,M51984,M,302.1,312.3,1376,40.5,90,0,0,0,0,0,0
10518,M37627,M,298.8,312.2,1462,34.6,122,0,0,0,0,0,0
10519,M67047,M,299.6,312.0,1486,26.6,64,0,0,0,0,0,0
10520,L21471,L,300.7,307.3,1351,43.5,220,0,0,0,0,0,0
10521,H63429,H,301.2,309.3,1312,27.1,123,0,0,0,0,0,0
10522,L94072,L,299.4,306.4,1543,40.0,142,0,0,0,0,0,0
10523,L47989,L,303.3,311.0,1432,22.4,190,0,0,0,0,0,0
10524,M14039,M,298.8,308.5,1598,29.1,136,0,0,0,0,0,0
10525,M49066,M,301.1,311.4,1509,39.7,0,0,0,0,0,0,0
10526,L26152,L,301.2,310.6,1504,28.6,0,0,0,0,0,0,0
10527,M55069,M,298.4,313.1,1399,20.4,191,0,0,0,0,0,0
10528,M35470,M,300.7,309.7,1467,55.5,171,0,0,0,0,0,0
10529,L48096,L,298.7,310.2,1473,50.9,52,0,0,0,0,0,0
10530,L97988,L,301.2,310.0,1657,34.8,139,0,0,0,0,0,0
10531,L90785,L,297.9,312.4,1419,45.5,156,0,0,0,0,0,0
10532,H32103,H,300.9,309.8,1413,21.4,12,0,0,0,0,0,0
10533,L99073,L,305.0,309.5,1567,34.3,182,0,0,0,0,0,0
10534,L94613,L,303.1,310.6,1393,56.3,40,0,0,0,0,0,0
10535,M20022,M,301.3,310.2,1761,45.3,147,0,0,0,0,0,0
10536,M37886,M,302.6,309.7,1733,48.4,79,0,0,0,0,0,0
10537,M57948,M,303.4,311.4,1775,38.3,151,0,0,0,0,0,0
10538,L21869,L,300.1,308.0,1650,44.9,19,0,0,0,0,0,0
10539,M28398,M,300.5,309.6,1489,46.3,140,0,0,0,0,0,0
10540,L57028,L,299.0,313.0,1468,38.8,33,0,0,0,0,0,0
10541,M77880,M,299.6,308.7,1939,52.1,193,0,0,0,0,0,0
10542,M23529,M,301.6,308.0,1343,41.4,195,0,0,0,0,0,0
10543,L59369,L,297.7,308.5,1443,34.4,175,0,0,0,0,0,0
10544,L39215,L,299.1,308.0,1462,49.4,109,0,0,0,0,0,0
10545,L28214,L,295.6,308.6,1520,48.4,220,0,0,0,0,0,0
10546,L88908,L,299.1,306.9,1274,48.3,180,0,0,0,0,0,0
10547,L72759,L,300.7,310.4,1654,35.2,121,0,0,0,0,0,0
10548,L87640,L,296.8,306.5,1505,45.1,145,0,0,0,0,0,0
10549,L33597,L,300.8,309.3,1448,46.3,73,0,0,0,0,0,0
10550,L89498,L,300.7,312.2,1433,37.6,203,0,0,0,0,0,0
10551,M33839,M,298.3,308.9,1464,38.1,160,0,0,0,0,0,0
10552,L19023,L,300.9,310.5,1366,51.7,30,0,0,0,0,0,0
10553,L65023,L,296.8,310.6,2216,29.7,212,0,0,0,0,0,0
10554,M79655,M,300.1,307.0,1487,55.2,45,0,0,0,0,0,0
10555,L98940,L,297.5,307.6,1439,48.1,201,0,0,0,0,0,0
10556,H73192,H,299.6,310.4,1569,49.2,30,0,0,0,0,0,0
10557,L72539,L,299.4,310.2,1619,51.9,124,0,0,0,0,0,0
10558,L10932,L,299.2,309.3,1662,28.3,21,0,0,0,0,0,0
10559,L57483,L,298.6,310.1,1570,39.7,54,0,0,0,0,0,0
10560,L46118,L,299.6,310.5,1526,40.2,125,0,0,0,0,0,0
10561,L82733,L,302.1,313.9,1693,42.3,40,0,0,0,0,0,0
10562,M96413,M,295.9,306.7,1550,56.5,7,0,0,0,0,0,0
10563,L54359,L,303.4,312.0,1513,35.7,173,0,0,0,0,0,0
10564,M21939,M,301.1,308.0,2033,24.4,65,0,0,0,0,0,0
10565,L89826,L,296.7,308.4,1522,46.0,219,0,0,0,0,0,0
10566,H17531,H,300.1,311.5,1754,48.2,167,0,0,0,0,0,0
10567,M77915,M,299.1,308.6,1410,43.4,53,0,0,0,0,0,0
10568,M57151,M,296.6,307.0,1378,50.5,159,0,0,0,0,0,0
10569,L61792,L,297.1,310.5,1386,39.3,0,0,0,0,0,0,0
10570,L83284,L,302.8,308.3,1521,45.6,167,0,0,0,0,0,0
10571,L10609,L,298.0,308.4,1379,43.7,227,0,0,0,0,0,0
10572,H77277,H,302.7,312.8,1773,51.5,133,0,0,0,0,0,0
10573,L41886,L,299.8,313.7,1680,32.9,64,0,0,0,0,0,0
10574,L43792,L,295.5,311.3,1509,39.2,28,0,0,0,0,0,0
10575,L56281,L,296.9,306.6,1327,36.5,0,0,0,0,0,0,0
10576,M54825,M,301.2,312.0,1394,46.2,102,0,0,0,0,0,0
10577,L99536,L,300.5,308.4,1599,36.6,64,0,0,0,0,0,0
10578,L36577,L,299.4,314.0,1540,38.8,117,0,0,0,0,0,0
10579,L96956,L,301.5,307.6,1470,55.8,15,0,0,0,0,0,0
10580,L85303,L,299.8,308.3,1480,40.8,49,0,0,0,0,0,0
10581,M26809,M,298.7,312.7,1285,44.7,173,0,0,0,0,0,0
10582,L99959,L,301.6,311.6,1542,33.9,118,0,0,0,0,0,0
10583,L98356,L,302.4,310.0,1367,45.2,213,0,0,0,0,0,0
10584,L45311,L,297.2,311.4,1388,38.7,95,0,0,0,0,0,0
10585,M58799,M,297.3,309.9,1467,46.2,92,0,0,0,0,0,0
10586,M23090,M,301.0,309.4,1581,33.5,154,0,0,0,0,0,0
10587,M29601,M,299.9,307.6,1508,51.4,131,0,0,0,0,0,0
10588,M73782,M,302.7,310.6,1609,23.0,64,0,0,0,0,0,0
10589,L43330,L,300.6,307.9,1441,49.1,90,0,0,0,0,0,0
10590,L43779,L,297.8,310.6,1403,53.9,211,0,0,0,0,0,0
10591,L95082,L,302.1,312.4,1506,38.6,98,0,0,0,0,0,0
10592,M20277,M,299.8,308.7,1413,24.4,61,0,0,0,0,0,0
10593,H65288,H,298.3,311.2,1687,40.0,38,0,0,0,0,0,0
10594,L48188,L,302.0,312.1,1459,35.4,40,0,0,0,0,0,0
10595,H86928,H,301.7,308.4,1306,51.0,17,0,0,0,0,0,0
10596,L42983,L,300.9,313.2,1559,38.2,53,0,0,0,0,0,0
10597,L72021,L,300.6,307.5,1471,27.3,112,0,0,0,0,0,0
10598,M21050,M,299.6,312.4,1478,45.4,20,0,0,0,0,0,0
10599,L79041,L,301.6,309.1,1521,39.4,149,0,0,0,0,0,0
10600,L80855,L,299.4,309.6,1580,54.4,197,0,0,0,0,0,0
10601,L92712,L,303.2,313.2,1514,47.0,103,0,0,0,0,0,0
10602,H73131,H,298.8,312.8,1536,36.1,190,0,0,0,0,0,0
10603,L10012,L,300.9,308.7,1393,32.6,76,0,0,0,0,0,0
10604,M74478,M,300.8,310.9,1431,55.4,34,0,0,0,0,0,0
10605,M81855,M,295.8,308.1,1666,39.3,31,0,0,0,0,0,0
10606,M61081,M,302.6,306.5,1631,43.4,58,0,0,0,0,0,0
10607,M90375,M,301.1,311.2,1536,53.4,58,0,0,0,0,0,0
10608,L18973,L,300.3,308.1,1586,38.2,35,0,0,0,0,0,0
10609,M34613,M,302.7,309.3,1512,25.1,25,0,0,0,0,0,0
10610,L67464,L,302.1,309.5,1442,27.3,114,0,0,0,0,0,0
10611,L75325,L,300.8,310.1,1554,29.9,27,0,0,0,0,0,0
10612,M19356,M,299.0,306.6,1541,30.1,120,0,0,0,0,0,0
10613,M42631,M,300.4,310.7,1408,41.9,61,0,0,0,0,0,0
10614,M22315,M,302.4,311.8,1453,46.8,202,0,0,0,0,0,0
10615,L15529,L,298.9,309.1,1288,48.8,139,0,0,0,0,0,0
10616,L16827,L,304.0,309.8,1394,50.1,200,0,0,0,0,0,0
10617,L46188,L,304.2,309.8,1436,46.5,10,0,0,0,0,0,0
10618,M88146,M,297.2,311.9,1306,31.5,100,0,0,0,0,0,0
10619,L91937,L,300.6,308.4,1357,48.3,17,0,0,0,0,0,0
10620,L83184,L,302.9,308.6,1554,52.3,39,0,0,0,0,0,0
10621,L27659,L,301.4,307.4,1508,38.7,0,0,0,0,0,0,0
10622,L84278,L,297.0,311.8,1420,52.7,36,0,0,0,0,0,0
10623,L19027,L,302.9,310.4,1459,62.4,146,1,0,0,1,0,0
10624,L34318,L,302.0,310.9,1343,37.7,97,0,0,0,0,0,0
10625,L80642,L,299.4,309.9,1496,41.9,190,0,0,0,0,0,0
10626,L63713,L,300.2,307.6,1772,52.4,161,0,0,0,0,0,0
10627,L14099,L,299.1,308.0,1441,23.7,4,0,0,0,0,0,0
10628,L87371,L,301.3,311.9,1598,42.5,20,0,0,0,0,0,0
10629,L74409,L,302.3,313.7,1502,42.4,95,0,0,0,0,0,0
10630,M64519,M,297.4,311.8,1390,74.5,0,0,0,0,0,0,0
10631,M49833,M,300.7,312.2,1378,37.3,209,0,0,0,0,0,0
10632,L78969,L,299.4,311.2,1460,36.5,32,0,0,0,0,0,0
10633,L93705,L,298.4,310.4,1575,35.4,159,0,0,0,0,0,0
10634,L62632,L,303.1,308.9,1217,52.8,110,0,0,0,0,0,0
10635,H82100,H,301.2,306.9,1565,49.0,220,0,0,0,0,0,0
10636,M89745,M,300.4,307.6,1526,33.0,68,0,0,0,0,0,0
10637,L62047,L,295.0,309.5,1400,41.6,149,0,0,0,0,0,0
10638,M10860,M,300.0,310.0,1453,46.4,1,0,0,0,0,0,0
10639,L84798,L,301.0,310.5,1240,36.2,140,0,0,0,0,0,0
10640,L86304,L,302.5,308.2,1456,40.5,57,0,0,0,0,0,0
10641,L20118,L,303.1,311.2,1435,29.0,56,0,0,0,0,0,0
10642,L94181,L,297.6,311.7,1842,31.4,150,0,0,0,0,0,0
10643,L66925,L,297.9,310.0,1502,45.2,25,0,0,0,0,0,0
10644,M92862,M,301.0,307.7,1344,37.6,80,0,0,0,0,0,0
10645,L38940,L,296.0,310.7,1375,33.0,209,0,0,0,0,0,0
10646,L66614,L,296.6,307.5,1444,41.3,20,0,0,0,0,0,0
10647,L62322,L,300.4,310.2,1675,38.4,103,0,0,0,0,0,0
10648,L35966,L,303.4,309.6,1358,22.6,63,0,0,0,0,0,0
10649,L66369,L,299.5,312.9,2306,39.4,162,0,0,0,0,0,0
10650,L52039,L,299.5,307.9,2118,35.5,20,0,0,0,0,0,0
10651,H67961,H,303.3,309.8,1577,34.0,43,0,0,0,0,0,0
10652,M21247,M,296.0,306.8,1501,50.8,107,1,0,0,0,1,0
10653,L68990,L,297.5,310.2,1920,33.1,187,0,0,0,0,0,0
10654,M81932,M,295.9,310.7,1304,39.8,162,0,0,0,0,0,0
10655,H79048,H,299.0,311.2,1387,51.6,160,0,0,0,0,0,0
10656,L11092,L,297.3,312.3,1415,54.1,180,0,0,0,0,0,0
10657,L95119,L,297.3,311.6,1415,46.8,204,0,0,0,0,0,0
10658,L88263,L,301.3,308.8,1473,54.4,169,0,0,0,0,0,0
10659,L42426,L,299.9,307.2,1553,34.5,168,1,0,0,1,0,0
10660,L49626,L,299.2,309.1,1711,44.4,136,0,0,0,0,0,0
10661,M13862,M,304.8,310.9,1497,31.5,210,0,0,0,0,0,0
10662,L60096,L,300.4,310.9,1656,44.0,227,0,0,0,0,0,0
10663,L50944,L,300.8,308.5,1485,33.3,62,0,0,0,0,0,0
10664,M36517,M,299.7,307.6,1472,41.9,60,0,0,0,0,0,0
10665,H29025,H,298.1,310.4,1396,56.4,221,0,0,0,0,0,0
10666,M34134,M,297.4,309.5,1465,11.4,102,0,0,0,0,0,0
10667,L63903,L,301.0,309.5,1469,43.0,111,0,0,0,0,0,0
10668,L27241,L,295.9,307.2,1841,57.6,185,0,0,0,0,0,0
10669,L40432,L,300.6,309.0,1409,26.2,99,0,0,0,0,0,0
10670,M71441,M,302.7,309.4,1406,40.7,100,0,0,0,0,0,0
10671,L63554,L,301.9,309.1,1347,27.7,27,0,0,0,0,0,0
10672,H36812,H,298.7,310.6,1617,41.9,77,0,0,0,0,0,0
10673,M42346,M,298.7,309.7,1538,43.1,17,0,0,0,0,0,0
10674,L84964,L,301.0,310.5,1439,48.0,183,0,0,0,0,0,0
10675,L15559,L,299.5,310.1,1520,40.7,24,0,0,0,0,0,0
10676,L92660,L,302.6,307.8,1613,39.3,91,0,0,0,0,0,0
10677,L31821,L,297.7,310.0,1615,35.6,198,0,0,0,0,0,0
10678,M21854,M,300.9,309.2,1624,38.4,140,0,0,0,0,0,0
10679,L69098,L,295.5,311.5,1688,19.8,103,0,0,0,0,0,0
10680,L95010,L,299.2,310.8,1573,44.9,67,0,0,0,0,0,0
10681,L57571,L,301.7,310.7,1518,38.0,156,0,0,0,0,0,0
10682,L82134,L,299.7,310.8,1535,33.8,123,0,0,0,0,0,0
10683,L16725,L,301.8,308.9,1541,45.8,202,0,0,0,0,0,0
10684,L27245,L,300.8,310.4,1584,37.5,36,0,0,0,0,0,0
10685,L10753,L,300.9,311.3,1328,55.1,29,0,0,0,0,0,0
10686,L88802,L,300.1,307.8,1607,62.5,199,0,0,0,0,0,0
10687,M16411,M,302.7,309.7,1451,31.0,12,0,0,0,0,0,0
10688,M49117,M,295.4,306.5,1567,33.8,31,0,0,0,0,0,0
10689,L96628,L,303.0,308.4,1812,41.6,193,0,0,0,0,0,0
10690,L14697,L,296.0,310.1,1540,48.6,58,0,0,0,0,0,0
10691,M18509,M,299.9,310.8,1412,39.2,123,0,0,0,0,0,0
10692,L37400,L,298.5,309.2,1642,31.2,205,0,0,0,0,0,0
10693,L89269,L,300.8,311.2,1459,60.7,206,0,0,0,0,0,0
10694,L91689,L,296.8,311.1,1560,39.9,186,0,0,0,0,0,0
10695,M89876,M,298.7,312.4,2138,42.9,31,0,0,0,0,0,0
10696,M37175,M,300.8,309.7,1537,36.8,60,0,0,0,0,0,0
10697,M11480,M,304.1,312.4,1634,45.8,188,0,0,0,0,0,0
10698,L10803,L,298.7,311.7,1417,55.6,213,0,0,0,0,0,0
10699,M35430,M,298.3,309.8,1491,43.5,82,0,0,0,0,0,0
10700,M73110,M,296.0,311.6,1564,32.3,158,0,0,0,0,0,0
10701,L17342,L,299.6,309.7,1629,27.2,17,0,0,0,0,0,0
10702,L99848,L,303.7,311.3,1525,43.4,157,0,0,0,0,0,0
10703,L59183,L,300.6,311.8,1586,50.3,114,0,0,0,0,0,0
10704,M50407,M,301.0,309.7,1295,35.9,39,0,0,0,0,0,0
10705,L69232,L,302.0,311.1,1519,35.2,103,0,0,0,0,0,0
10706,L36489,L,305.0,307.6,1403,50.2,72,0,0,0,0,0,0
10707,L73369,L,301.6,313.4,1540,39.4,143,0,0,0,0,0,0
10708,H98698,H,299.5,309.8,1348,38.9,160,0,0,0,0,0,0
10709,L15771,L,301.0,309.4,1415,41.5,47,0,0,0,0,0,0
10710,M50957,M,295.8,309.5,1407,37.4,71,0,0,0,0,0,0
10711,L79766,L,299.1,309.4,1738,32.9,42,0,0,0,0,0,0
10712,L91650,L,298.8,308.4,1553,28.2,94,0,0,0,0,0,0
10713,H47128,H,298.2,309.3,1411,41.4,109,0,0,0,0,0,0
10714,L13800,L,302.1,310.6,1350,47.1,153,0,0,0,0,0,0
10715,L88134,L,301.2,312.0,1555,14.1,21,0,0,0,0,0,0
10716,L35971,L,299.4,310.8,1773,42.4,188,0,0,0,0,0,0
10717,L71377,L,301.0,308.8,1812,56.9,64,0,0,0,0,0,0
10718,H28837,H,298.8,310.9,1371,45.5,186,0,0,0,0,0,0
10719,M69412,M,300.6,310.0,1274,24.3,109,0,0,0,0,0,0
10720,L55693,L,297.8,309.1,1721,36.5,76,0,0,0,0,0,0
10721,M49599,M,300.0,308.8,1380,37.5,89,0,0,0,0,0,0
10722,H60307,H,302.4,306.8,2517,37.7,113,0,0,0,0,0,0
10723,L40953,L,297.9,312.4,1587,54.5,109,0,0,0,0,0,0
10724,L88128,L,301.8,309.3,1417,20.3,79,0,0,0,0,0,0
10725,L88172,L,303.4,312.1,1506,51.9,128,0,0,0,0,0,0
10726,M86122,M,304.7,313.6,1574,50.2,16,0,0,0,0,0,0
10727,L90684,L,301.1,310.2,1524,48.0,38,0,0,0,0,0,0
10728,H49917,H,298.4,310.4,1295,34.7,7,0,0,0,0,0,0
10729,L90149,L,301.2,308.7,1398,54.8,53,0,0,0,0,0,0
10730,L16963,L,298.3,312.2,1504,45.6,63,0,0,0,0,0,0
10731,L87353,L,303.0,312.3,1724,35.1,60,0,0,0,0,0,0
10732,M72242,M,297.4,308.6,1364,21.5,106,0,0,0,0,0,0
10733,M26455,M,300.7,306.3,1310,45.4,167,0,0,0,0,0,0
10734,H27796,H,297.7,308.7,1511,40.4,125,0,0,0,0,0,0
10735,M69558,M,302.3,311.6,1461,40.7,1,0,0,0,0,0,0
10736,M85751,M,302.6,311.7,1812,36.7,150,0,0,0,0,0,0
10737,L14385,L,302.6,309.7,1642,35.5,226,0,0,0,0,0,0
10738,M28623,M,298.3,309.3,1548,42.8,190,0,0,0,0,0,0
10739,L89963,L,297.1,308.6,2240,40.2,8,0,0,0,0,0,0
10740,L85973,L,296.4,308.8,1610,31.0,46,0,0,0,0,0,0
10741,L71503,L,300.9,308.3,1577,46.4,141,0,0,0,0,0,0
10742,L88333,L,301.6,309.4,1659,33.0,106,0,0,0,0,0,0
10743,L16765,L,301.3,309.6,1436,41.5,187,0,0,0,0,0,0
10744,L20074,L,299.9,310.8,1364,45.3,119,0,0,0,0,0,0
10745,L24621,L,301.6,309.4,1484,44.0,174,0,0,0,0,0,0
10746,L40958,L,298.7,312.5,1317,51.9,32,0,0,0,0,0,0
10747,L30204,L,304.4,309.7,1503,72.1,107,0,0,0,0,0,0
10748,M31926,M,296.8,311.1,1527,27.5,155,0,0,0,0,0,0
10749,L31967,L,299.1,308.2,1453,47.0,117,0,0,0,0,0,0
10750,M61127,M,303.8,308.5,1467,49.9,21,0,0,0,0,0,0
10751,L79501,L,301.7,308.8,1572,51.6,130,0,0,0,0,0,0
10752,M45728,M,300.0,309.8,1328,46.3,22,0,0,0,0,0,0
10753,M41692,M,300.4,311.8,2399,31.1,60,0,0,0,0,0,0
10754,L11110,L,299.8,310.2,1530,30.1,185,0,0,0,0,0,0
10755,M43016,M,299.3,309.0,1664,32.8,25,0,0,0,0,0,0
10756,M88562,M,298.3,310.8,1395,25.4,184,0,0,0,0,0,0
10757,M94922,M,300.2,310.8,1302,38.5,69,0,0,0,0,0,0
10758,M19924,M,298.9,313.2,1471,21.1,8,0,0,0,0,0,0
10759,M46344,M,301.9,308.7,1678,48.4,10,0,0,0,0,0,0
10760,L67747,L,296.9,312.5,1284,35.3,177,0,0,0,0,0,0
10761,L80861,L,304.7,309.8,1561,51.5,98,0,0,0,0,0,0
10762,L19557,L,296.5,313.9,1472,30.3,208,0,0,0,0,0,0
10763,M14959,M,301.9,311.3,1522,31.3,26,0,0,0,0,0,0
10764,L74314,L,298.9,310.7,1548,46.9,98,0,0,0,0,0,0
10765,L73185,L,300.9,308.9,1506,19.7,53,0,0,0,0,0,0
10766,M94813,M,300.7,310.5,1718,48.8,180,0,0,0,0,0,0
10767,L36623,L,301.3,306.3,1549,34.8,31,0,0,0,0,0,0
10768,M92656,M,296.5,308.4,1491,36.4,32,0,0,0,0,0,0
10769,L87718,L,295.0,312.7,1915,36.3,208,0,0,0,0,0,0
10770,M68891,M,303.9,307.5,1648,33.4,48,0,0,0,0,0,0
10771,L95701,L,300.9,310.2,1431,42.9,59,0,0,0,0,0,0
10772,L19441,L,299.3,308.9,1674,26.6,31,0,0,0,0,0,0
10773,M27109,M,301.1,309.8,1316,35.4,23,0,0,0,0,0,0
10774,L87469,L,295.7,312.4,1503,25.4,21,0,0,0,0,0,0
10775,M65864,M,302.4,312.0,1729,53.0,52,0,0,0,0,0,0
10776,M81550,M,297.4,310.8,1351,42.6,210,0,0,0,0,0,0
10777,L45899,L,301.0,311.3,1482,47.0,109,0,0,0,0,0,0
10778,H15334,H,297.7,311.8,2132,55.6,156,1,0,0,1,0,0
10779,L33516,L,298.4,310.8,1369,39.0,149,0,0,0,0,0,0
10780,M72391,M,302.7,309.5,1487,42.1,58,0,0,0,0,0,0
10781,H90024,H,304.3,312.4,1541,34.3,31,0,0,0,0,0,0
10782,M55593,M,300.6,308.8,1776,34.5,13,0,0,0,0,0,0
10783,M80742,M,302.3,310.8,1880,51.6,21,0,0,0,0,0,0
10784,L29558,L,300.9,312.9,1466,47.1,61,0,0,0,0,0,0
10785,L94523,L,298.3,306.8,1535,44.7,204,0,0,0,0,0,0
10786,M80432,M,297.3,312.5,1464,33.8,153,0,0,0,0,0,0
10787,M87687,M,296.8,309.3,1823,50.8,210,0,0,0,0,0,0
10788,L39855,L,300.3,308.6,1500,41.9,116,0,0,0,0,0,0
10789,L17122,L,302.1,306.7,1513,41.9,13,0,0,0,0,0,0
10790,L35448,L,296.9,312.1,1376,17.7,61,0,0,0,0,0,0
10791,L27891,L,298.2,309.3,1338,30.9,21,0,0,0,0,0,0
10792,L30550,L,299.3,308.2,1599,24.2,195,0,0,0,0,0,0
10793,M21334,M,301.5,310.9,1290,26.4,87,0,0,0,0,0,0
10794,M42329,M,299.5,308.9,1487,53.1,84,0,0,0,0,0,0
10795,H10665,H,300.4,308.6,1480,55.8,102,1,0,0,1,0,0
10796,L22844,L,300.5,310.5,1425,23.9,74,0,0,0,0,0,0
10797,L48769,L,297.1,309.8,1512,23.8,116,0,0,0,0,0,0
10798,L84760,L,298.7,306.3,1921,39.2,107,0,0,0,0,0,0
10799,L58551,L,303.3,312.1,1387,39.5,133,0,0,0,0,0,0
10800,M79588,M,299.8,310.5,1561,47.3,84,0,0,0,0,0,0
10801,M99740,M,300.8,312.1,1463,46.0,68,0,0,0,0,0,0
10802,M16758,M,298.7,311.4,1479,50.2,170,0,0,0,0,0,0
10803,L18782,L,298.3,309.8,1827,55.8,138,0,0,0,0,0,0
10804,M86037,M,301.8,306.6,1934,46.4,92,0,0,0,0,0,0
10805,M76003,M,302.9,307.7,1357,38.7,129,0,0,0,0,0,0
10806,L26083,L,297.5,309.8,1551,61.4,124,0,0,0,0,0,0
10807,M18601,M,298.0,313.3,1543,49.2,18,0,0,0,0,0,0
10808,H24334,H,302.5,310.1,1467,42.6,111,0,0,0,0,0,0
10809,M48426,M,301.2,308.6,1467,28.1,174,0,0,0,0,0,0
10810,M48209,M,300.1,309.1,1549,33.6,147,0,0,0,0,0,0
10811,L54930,L,301.0,314.0,1546,38.3,25,0,0,0,0,0,0
10812,L49856,L,295.9,311.6,1388,47.5,0,0,0,0,0,0,0
10813,L47767,L,301.5,306.2,1727,51.5,123,0,0,0,0,0,0
10814,L80165,L,302.4,311.0,1686,30.6,98,0,0,0,0,0,0
10815,L51500,L,301.0,310.9,1374,46.7,151,0,0,0,0,0,0
10816,M55068,M,299.0,310.9,1674,48.8,199,0,0,0,0,0,0
10817,L75459,L,301.5,311.1,1443,31.6,182,0,0,0,0,0,0
10818,L48739,L,300.3,308.5,1374,50.0,141,0,0,0,0,0,0
10819,M67947,M,297.2,307.4,1372,55.9,164,0,0,0,0,0,0
10820,L13250,L,297.1,311.8,1719,39.0,163,0,0,0,0,0,0
10821,M86471,M,295.4,312.1,2129,34.1,94,0,0,0,0,0,0
10822,M98744,M,302.6,306.0,1647,49.3,169,0,0,0,0,0,0
10823,M17346,M,303.9,308.7,1393,47.8,139,0,0,0,0,0,0
10824,L47309,L,299.5,310.0,1429,36.1,152,0,0,0,0,0,0
10825,M64474,M,300.0,306.9,1421,32.7,39,0,0,0,0,0,0
10826,L86962,L,297.8,311.6,1597,29.6,108,0,0,0,0,0,0
10827,L87421,L,299.4,307.0,1477,52.2,178,0,0,0,0,0,0
10828,L84437,L,305.0,307.1,1365,30.6,124,0,0,0,0,0,0
10829,L49582,L,297.6,310.5,1531,48.1,124,1,1,0,0,0,0
10830,L93958,L,300.2,309.9,1697,51.6,216,0,0,0,0,0,0
10831,L94513,L,298.6,309.9,1476,21.9,53,0,0,0,0,0,0
10832,L72978,L,297.7,309.4,1494,39.6,25,0,0,0,0,0,0
10833,M12299,M,303.6,307.8,1593,43.7,106,0,0,0,0,0,0
10834,L31405,L,297.6,309.8,1425,58.8,163,0,0,0,0,0,0
10835,L93747,L,301.5,309.4,1732,34.1,168,0,0,0,0,0,0
10836,L52284,L,298.3,313.1,1564,50.5,55,0,0,0,0,0,0
10837,M22561,M,298.0,307.3,1420,48.1,111,0,0,0,0,0,0
10838,M64000,M,297.3,309.2,1503,45.3,95,0,0,0,0,0,0
10839,L83224,L,297.9,309.9,1619,32.7,20,0,0,0,0,0,0
10840,M64702,M,300.8,309.2,1396,36.7,41,0,0,0,0,0,0
10841,M28220,M,303.5,310.4,1730,36.9,145,0,0,0,0,0,0
10842,L25544,L,296.1,308.7,1672,53.0,117,0,0,0,0,0,0
10843,L20302,L,299.0,312.7,1294,35.5,28,0,0,0,0,0,0
10844,L24131,L,299.0,312.8,1490,38.0,142,0,0,0,0,0,0
10845,L49537,L,298.1,309.2,1551,41.5,99,0,0,0,0,0,0
10846,H34219,H,299.9,306.1,1406,41.7,117,0,0,0,0,0,0
10847,L31044,L,304.3,310.6,1488,34.1,230,0,0,0,0,0,0
10848,M11832,M,304.1,310.6,1800,53.8,46,1,0,0,0,1,0
10849,H76085,H,304.8,312.4,1514,53.3,207,0,0,0,0,0,0
10850,L56507,L,301.5,308.3,1426,27.8,46,0,0,0,0,0,0
10851,L71066,L,297.0,306.1,1535,38.2,109,0,0,0,0,0,0
10852,L53006,L,302.5,306.8,1583,53.1,121,0,0,0,0,0,0
10853,M39605,M,298.6,310.7,1647,40.0,65,0,0,0,0,0,0
10854,M99015,M,303.3,309.0,1477,35.4,176,0,0,0,0,0,0
10855,L98672,L,296.1,310.1,1532,33.6,162,0,0,0,0,0,0
10856,M32114,M,299.9,312.9,1576,30.9,75,0,0,0,0,0,0
10857,M75419,M,297.6,313.3,1672,21.7,186,0,0,0,0,0,0
10858,M63011,M,299.5,307.9,1400,48.1,18,0,0,0,0,0,0
10859,L40254,L,302.9,307.1,1347,53.0,152,0,0,0,0,0,0
10860,L33474,L,301.4,312.4,1499,46.6,213,0,0,0,0,0,0
10861,L78150,L,301.5,312.1,1428,42.4,56,0,0,0,0,0,0
10862,L55038,L,301.7,308.4,1339,42.8,104,0,0,0,0,0,0
10863,M25615,M,297.2,309.0,1481,24.8,1,1,0,0,1,0,0
10864,M49720,M,298.8,308.1,1488,28.9,49,0,0,0,0,0,0
10865,L98476,L,298.9,310.9,1519,23.0,70,0,0,0,0,0,0
10866,L17305,L,300.1,308.1,1458,32.8,190,0,0,0,0,0,0
10867,L18050,L,298.5,311.4,1402,46.3,184,1,0,0,0,1,0
10868,L22759,L,300.7,313.5,1539,56.3,37,0,0,0,0,0,0
10869,M87664,M,300.5,308.8,1289,34.5,37,1,0,1,0,0,0
10870,L65374,L,299.4,310.9,1432,31.2,213,0,0,0,0,0,0
10871,H59510,H,300.9,311.3,1387,31.8,172,0,0,0,0,0,0
10872,L75107,L,297.1,310.1,1421,56.2,196,0,0,0,0,0,0
10873,L75136,L,301.9,311.8,1336,48.9,93,0,0,0,0,0,0
10874,L48970,L,301.4,310.8,1526,50.6,16,0,0,0,0,0,0
10875,L87576,L,295.6,309.4,1470,46.9,95,0,0,0,0,0,0
10876,L49563,L,299.0,307.9,1723,28.1,205,0,0,0,0,0,0
10877,L77550,L,302.2,309.2,1560,39.5,100,0,0,0,0,0,0
10878,M85608,M,303.0,309.9,1469,34.7,169,0,0,0,0,0,0
10879,L90533,L,300.5,312.3,1595,42.3,165,0,0,0,0,0,0
10880,L29365,L,299.7,309.5,1552,40.7,47,0,0,0,0,0,0
10881,M18444,M,299.2,309.6,1543,48.9,101,0,0,0,0,0,0
10882,M63197,M,297.9,307.6,1430,36.4,5,0,0,0,0,0,0
10883,L67164,L,302.7,312.7,1634,37.2,0,1,0,0,0,1,0
10884,L82182,L,297.7,312.0,1511,34.0,68,0,0,0,0,0,0
10885,M51144,M,298.5,311.6,1382,38.1,129,0,0,0,0,0,0
10886,M28423,M,299.6,308.1,1821,39.5,94,0,0,0,0,0,0
10887,L78846,L,299.6,309.2,1435,25.8,81,0,0,0,0,0,0
10888,L61111,L,301.3,313.1,1634,29.9,124,0,0,0,0,0,0
10889,H67602,H,297.8,313.1,1629,46.5,184,0,0,0,0,0,0
10890,L81531,L,299.9,308.9,1398,30.7,135,0,0,0,0,0,0
10891,M50392,M,298.9,312.2,1452,27.6,188,0,0,0,0,0,0
10892,M41414,M,301.2,307.8,1441,40.4,63,0,0,0,0,0,0
10893,M80111,M,301.8,310.8,1620,63.3,199,0,0,0,0,0,0
10894,H49438,H,302.3,309.9,1628,51.5,78,0,0,0,0,0,0
10895,M94466,M,301.7,308.5,1379,56.5,149,0,0,0,0,0,0
10896,L53610,L,299.1,313.1,1353,34.2,189,0,0,0,0,0,0
10897,L88920,L,303.4,309.5,1574,27.7,154,0,0,0,0,0,0
10898,M34083,M,299.5,312.9,1538,35.8,200,0,0,0,0,0,0
10899,L20778,L,301.2,310.9,1456,44.5,134,0,0,0,0,0,0
10900,M51864,M,300.5,313.8,1481,30.8,120,0,0,0,0,0,0
